,MD_size,MD_score,MD_test,MPR_size,MPR_score,MPR_test,MS_size,MS_score,MS_test
greedy_LR,5,0.5038639531185329,0.5056923120908025,42,0.6621734891820216,0.6610223438793049,5,0.5038639531185329,0.5056923120908025
greedy_GB,2,0.956769798049325,0.9554083816732324,3,0.9914081326577291,0.9909729961092496,3,0.9914081326577291,0.9909729961092496
greedy_NN,2,0.6559057742972106,0.7429053158639277,9,0.9489226431351259,0.9532882192395408,4,0.8975119089631394,0.9115520478859256
