,MD_size,MD_score,MD_test,MPR_size,MPR_score,MPR_test,MS_size,MS_score,MS_test
greedy_LR,5,0.5038639531185329,0.5056923120908025,25,0.6525342244259265,0.6514333514004891,5,0.5038639531185329,0.5056923120908025
greedy_GB,2,0.9306080988460058,0.9295475994457942,3,0.9775507692550187,0.975473979603477,3,0.9775507692550187,0.975473979603477
greedy_NN,3,0.6936805028480484,0.6807995550757352,9,0.9469614048438988,0.94946822386024,4,0.8995619901393498,0.9047671741419624
