,MD_size,MD_score,MD_test,MPR_size,MPR_score,MPR_test,MS_size,MS_score,MS_test
greedy_LR,3,0.7569646659399027,0.5851483626300414,6,0.8534701270196108,0.4822655106406937,3,0.7569646659399027,0.5851483626300414
greedy_GB,2,0.904304008866623,0.7136021225185957,29,0.9882478339429751,0.7296806272709887,2,0.904304008866623,0.7136021225185957
greedy_NN,2,0.8980576180034315,0.7056840528139339,29,0.9860551475970916,0.7251840390115815,2,0.8980576180034315,0.7056840528139339
