,MD_size,MD_score,MD_test,MPR_size,MPR_score,MPR_test,MS_size,MS_score,MS_test
greedy_LR,2,0.8425385638930625,0.7757370500629587,11,0.9271773449749892,0.71335829029048,3,0.8943173145867785,0.7607549889634668
greedy_GB,3,0.9051039440575476,0.7170366154429898,9,0.9609330810761234,0.7500476462740614,2,0.8764986489680826,0.6265972550875533
greedy_NN,2,0.8708509111724728,0.6207844381012793,10,0.9652686751066473,0.7220404873654767,2,0.8708509111724728,0.6207844381012793
