,MD_size,MD_score,MD_test,MPR_size,MPR_score,MPR_test,MS_size,MS_score,MS_test
greedy_LR,2,0.7851560780473814,0.884446323991132,24,0.8348775225114273,0.9084009043466434,2,0.7851560780473814,0.884446323991132
greedy_GB,2,0.9028517765744597,0.9230903902379244,24,0.9362098059003193,0.9280851645083256,2,0.9028517765744597,0.9230903902379244
greedy_NN,2,0.8634518112531641,0.9007256829630944,24,0.9095798445830852,0.9015844758604716,2,0.8634518112531641,0.9007256829630944
