,MD_size,MD_score,MD_test,MPR_size,MPR_score,MPR_test,MS_size,MS_score,MS_test
greedy_LR,7,0.7850491483488719,0.8845961613218791,7,0.7850491483488719,0.8845961613218791,2,0.7066516847252022,0.8087816386677339
greedy_GB,2,0.9013311939446526,0.900197694904313,24,0.9362098059003193,0.9280769857810718,2,0.9013311939446526,0.900197694904313
greedy_NN,2,0.8402711850378985,0.8535981073377918,24,0.9121947883242318,0.9055867615974074,2,0.8402711850378985,0.8535981073377918
